abc,08:00,"I think we should implement smart traffic lights to optimize traffic flow."
abc,08:01,"Smart traffic lights are promising, but how do we finance the upgrades?"
abc,08:02,"Perhaps congestion pricing could help fund the technology."
abc,08:03,"Congestion pricing sounds fair, but it might burden low-income drivers."
abc,08:04,"What about investing more in public transit to reduce car dependency?"
abc,08:05,"I agree—expanding metro lines could significantly alleviate rush hour traffic."
abc,08:06,"Metro expansion is expensive and time-consuming, though."
abc,08:07,"Maybe we can subsidize electric buses as a quicker alternative."
abc,08:08,"Electric buses have lower emissions, but their range is limited."
abc,08:09,"Some studies say expanding roads only leads to induced demand."
abc,08:10,"I've read that induced demand makes any new road construction counterproductive."
abc,08:11,"Could ride-sharing incentives be the key to reducing the number of cars?"
abc,08:12,"Ride-sharing sometimes increases total vehicle miles due to deadheading."
abc,08:13,"I wonder if autonomous vehicles might optimize traffic patterns."
abc,08:14,"Autonomous vehicles are still experimental and pose safety concerns."
abc,08:15,"Some claim that 5G connectivity can improve autonomous fleet coordination."
abc,08:16,"5G might help, but there’s not enough data to confirm its impact on traffic."
abc,08:17,"Dedicated bike lanes could encourage eco-friendly commuting for short trips."
abc,08:18,"Bike lanes are great, but not everyone can cycle, especially in bad weather."
abc,08:19,"How about a combination of bike lanes and improved pedestrian paths?"
abc,08:20,"A mixed approach might work best, though implementation can be complex."
abc,08:21,"I once read that banning private cars in downtown areas greatly reduces congestion."
abc,08:22,"Banning private cars is too extreme and would hurt local businesses."
abc,08:23,"Maybe implementing carpool lanes is a more balanced solution."
abc,08:24,"Carpool lanes can incentivize ride-sharing, but enforcement is tricky."
abc,08:25,"What if we use dynamic tolling to manage rush hour traffic?"
abc,08:26,"Dynamic tolling could be effective if the pricing is adjusted in real time."
abc,08:27,"Some people believe that building more flyovers is the ultimate fix."
abc,08:28,"Flyovers often create new bottlenecks and aren’t a long-term solution."
abc,08:29,"I heard that traffic congestion actually boosts economic activity—sounds counterintuitive."
abc,08:30,"Economic activity aside, congestion severely reduces quality of life."
abc,08:31,"A data-driven approach is necessary to decide which solution fits our city best."
abc,08:32,"Data is key, but we must be careful not to rely solely on statistics without community input."
abc,08:33,"Maybe we should run pilot programs for each proposed solution and compare outcomes."
abc,08:34,"Pilots are useful; however, short-term tests may not reveal long-term issues."
abc,08:35,"I’m concerned that some of the proposed solutions are based on outdated research."
abc,08:36,"Outdated research can mislead; we need the latest data on traffic patterns."
abc,08:37,"Could smart sensors on roads help collect real-time data for better decisions?"
abc,08:38,"Smart sensors are promising, but installation costs and maintenance remain high."
abc,08:39,"Maybe public-private partnerships could share the cost of sensor networks."
abc,08:40,"Partnerships are viable if both sides share the benefits and risks equitably."
abc,08:41,"I heard a rumor that simply reducing speed limits dramatically cuts congestion."
abc,08:42,"Lowering speed limits might ease accidents but could also extend commute times."
abc,08:43,"Perhaps a tiered speed limit system during peak and off-peak hours would work."
abc,08:44,"A tiered system sounds logical, but public acceptance might be an issue."
abc,08:45,"Some suggest that removing parking subsidies could reduce traffic volume."
abc,08:46,"Removing parking subsidies would hurt small businesses in the short term."
abc,08:47,"What if we incentivize remote work to reduce daily commuting altogether?"
abc,08:48,"Remote work reduces congestion, yet not every job can be performed remotely."
abc,08:49,"I read that cities using a mix of these strategies have seen the best results."
abc,08:50,"A balanced approach seems best; no single solution is a silver bullet."
abc,08:51,"One proposal is to implement congestion charges only in the most polluted areas."
abc,08:52,"Targeted congestion charges could be fairer, but measuring pollution accurately is a challenge."
abc,08:53,"Maybe we could integrate real-time air quality data into the tolling system."
abc,08:54,"Integrating air quality data adds complexity but might provide dynamic pricing benefits."
abc,08:55,"I’ve seen misinformation claiming that congestion charges cause a city-wide shutdown."
abc,08:56,"That disinformation is baseless; many cities have successfully used congestion charges."
abc,08:57,"Some activists oppose any form of road pricing as an infringement on personal freedom."
abc,08:58,"Personal freedom is important, yet collective benefits should sometimes prevail."
abc,08:59,"What about a trial period for congestion pricing to address public concerns?"
abc,09:00,"A trial period is a good idea—transparency and clear metrics are essential."
abc,09:01,"I worry that trial programs might be manipulated by special interest groups."
abc,09:02,"Strict oversight and open data can help prevent manipulation of the system."
abc,09:03,"Another idea is to implement smart parking systems to reduce cruising for parking."
abc,09:04,"Smart parking could reduce congestion near busy areas significantly."
abc,09:05,"However, some argue that smart parking is too costly to roll out citywide."
abc,09:06,"The long-term savings on time and fuel might justify the upfront investment."
abc,09:07,"I’ve seen reports that smart parking can cut search traffic by over 30%."
abc,09:08,"That figure sounds promising, but more independent studies are needed."
abc,09:09,"Maybe local universities could conduct independent research on these proposals."
abc,09:10,"Universities could offer unbiased research, provided they are properly funded."
abc,09:11,"A citizen advisory board might also help guide the implementation of these ideas."
abc,09:12,"Citizen advisory boards ensure community input, but they must represent all demographics."
abc,09:13,"I’m curious if technology alone can solve our traffic issues or if behavioral changes are needed."
abc,09:14,"Technology is only part of the solution; we also need to encourage shifts in commuter behavior."
abc,09:15,"Some suggest heavy penalties for single-occupancy vehicles as a deterrent."
abc,09:16,"Heavy penalties might reduce single occupancy, but could also be seen as draconian."
abc,09:17,"Maybe a system of incentives for carpooling would be more acceptable."
abc,09:18,"Incentives for carpooling have worked in some cities, though the results are mixed."
abc,09:19,"I read an article that claimed banning diesel vehicles reduced congestion—a surprising correlation."
abc,09:20,"Banning diesel might improve air quality but doesn’t directly reduce traffic volumes."
abc,09:21,"Another angle is to redesign urban spaces to be less car-dependent."
abc,09:22,"Urban redesign is ideal, but it takes decades to implement and see results."
abc,09:23,"Some claim that virtual reality workspaces could replace physical offices and cut commuting."
abc,09:24,"VR workspaces are experimental; widespread adoption may be years away."
abc,09:25,"It’s interesting that some disinformation suggests that traffic lights cause accidents deliberately."
abc,09:26,"That’s pure conspiracy—traffic lights are optimized to improve safety, not cause harm."
abc,09:27,"I believe that transparent public data on traffic flows can help gain public trust."
abc,09:28,"Public trust is key; open dashboards on traffic and environmental data might help."
abc,09:29,"Some pundits wrongly assert that any change will disrupt the status quo entirely."
abc,09:30,"Change is always disruptive at first, but long-term benefits can outweigh short-term inconvenience."
abc,09:31,"I’ve heard some claim that congestion is a myth perpetuated by car manufacturers."
abc,09:32,"That’s disinformation; congestion is a well-documented issue in urban planning."
abc,09:33,"A mix of regulatory and technological measures seems to be the consensus among experts."
abc,09:34,"Consensus is good, but local conditions may require unique solutions."
abc,09:35,"Pilot programs in similar cities have shown promising results with combined approaches."
abc,09:36,"We should look at case studies from cities that have successfully reduced congestion."
abc,09:37,"Case studies from European cities often show the benefits of comprehensive transit systems."
abc,09:38,"Some argue that what works in Europe might not work in our city due to cultural differences."
abc,09:39,"Cultural differences are a factor, but many principles of good urban planning are universal."
abc,09:40,"I suggest hosting public forums to discuss these strategies openly with the community."
abc,09:41,"Public forums can bridge the gap between policymakers and citizens, fostering trust."
abc,09:42,"However, there’s concern that some forums are dominated by vocal minorities."
abc,09:43,"Ensuring balanced representation is crucial in any public consultation process."
abc,09:44,"I wonder if smart city initiatives could integrate all these strategies seamlessly."
abc,09:45,"Smart city platforms offer promise, but integrating legacy systems remains a challenge."
abc,09:46,"Some disinformation claims that smart city projects are a front for surveillance."
abc,09:47,"While privacy concerns are valid, robust legal frameworks can mitigate surveillance risks."
abc,09:48,"Maybe we should propose a citizen-led oversight committee for any smart city initiative."
abc,09:49,"That could work well—transparency and accountability are essential."
abc,09:50,"I’ve seen charts suggesting that minor infrastructure tweaks can have major impacts."
abc,09:51,"Small tweaks might help, but without systemic change, congestion will persist."
abc,09:52,"Combining infrastructure improvements with technology seems like the best path forward."
abc,09:53,"It’s important to learn from both successes and failures in other cities."
abc,09:54,"I worry that some proposals overpromise and underdeliver on actual congestion reduction."
abc,09:55,"Realistic targets and clear metrics should be set before any implementation."
abc,09:56,"Some proposals are based on optimistic models that ignore human behavior variability."
abc,09:57,"Accounting for human behavior is crucial—traffic models need to incorporate randomness."
abc,09:58,"Maybe adaptive traffic systems that learn over time could adjust to real conditions."
abc,09:59,"Adaptive systems are promising, but they require continuous data feeds and maintenance."
abc,10:00,"A robust data infrastructure is the backbone of any modern traffic management system."
abc,10:01,"There are concerns that data breaches could compromise the entire system."
abc,10:02,"Proper cybersecurity measures must be an integral part of any data-driven approach."
abc,10:03,"I read a case where poor cybersecurity led to temporary shutdowns of traffic systems."
abc,10:04,"That’s a cautionary tale; we must ensure redundancy and security in our design."
abc,10:05,"What about leveraging crowd-sourced data from smartphones to monitor traffic?"
abc,10:06,"Crowd-sourced data can be very useful, but privacy and accuracy are challenges."
abc,10:07,"Maybe anonymizing the data could resolve some privacy issues while retaining value."
abc,10:08,"Anonymization works if done properly; otherwise, there’s still a risk of re-identification."
abc,10:09,"Some misinformation claims that anonymized data is useless for real-time decisions."
abc,10:10,"In fact, many cities successfully use anonymized data for traffic management."
abc,10:11,"A layered approach combining sensor data, crowd-sourcing, and historical trends is ideal."
abc,10:12,"Integration is key—each data source has its own strengths and weaknesses."
abc,10:13,"I’m curious if machine learning could predict congestion before it happens."
abc,10:14,"Predictive analytics is an active research area; some models show promising accuracy."
abc,10:15,"However, overreliance on predictions without real-time adjustments could backfire."
abc,10:16,"A hybrid system that uses both prediction and immediate feedback might be optimal."
abc,10:17,"There’s debate on whether such hybrid systems are too complex to maintain."
abc,10:18,"Complexity is a challenge, but modular design can mitigate maintenance issues."
abc,10:19,"I’ve seen proposals advocating for incremental upgrades rather than overhauling the entire system."
abc,10:20,"Incremental upgrades allow for continuous improvement without major disruptions."
abc,10:21,"Some critics argue that incremental changes are too slow to address urgent congestion."
abc,10:22,"Urgency is important, but radical changes can be risky without proper testing."
abc,10:23,"A phased rollout with clear milestones might strike the right balance."
abc,10:24,"Phased rollouts help identify issues early and allow for course corrections."
abc,10:25,"I once heard disinformation that a single software update could solve all traffic problems."
abc,10:26,"That’s clearly an oversimplification—traffic systems are multifaceted and require holistic solutions."
abc,10:27,"Maybe we can use pilot zones in different neighborhoods to test varied approaches."
abc,10:28,"Neighborhood pilots can provide localized data, but scaling the solution is the real challenge."
abc,10:29,"Scaling requires a solid infrastructure and political will, which is not always present."
abc,10:30,"I wonder if international partnerships could help us learn from global best practices."
abc,10:31,"International cooperation can provide valuable insights, but local conditions must be considered."
abc,10:32,"Some believe that copying models from other countries is a shortcut to success."
abc,10:33,"Copying without adaptation rarely works; each city has unique challenges."
abc,10:34,"I’m in favor of robust community feedback to adapt models to our local context."
abc,10:35,"Community input is vital, yet sometimes conflicting opinions can stall progress."
abc,10:36,"Structured consultations and expert panels can help reconcile differences."
abc,10:37,"I heard an outlandish claim that traffic congestion is a myth invented by urban planners."
abc,10:38,"That is clearly disinformation—congestion is a measurable and persistent issue."
abc,10:39,"Some proposals even suggest that reducing traffic is impossible due to human nature."
abc,10:40,"While human behavior is complex, well-designed systems can nudge people toward better choices."
abc,10:41,"Behavioral nudges, like discounted transit fares, have shown positive results in some studies."
abc,10:42,"Discounted fares need to be sustainable financially; otherwise, they might not last."
abc,10:43,"What if we combine discounted fares with improved service frequency?"
abc,10:44,"Improved frequency can encourage transit use, but it requires investment in fleet expansion."
abc,10:45,"I read that some cities have doubled transit ridership by just optimizing schedules."
abc,10:46,"Schedule optimization is low-hanging fruit compared to building new infrastructure."
abc,10:47,"However, outdated transit infrastructure might not support more frequent service."
abc,10:48,"Retrofitting infrastructure is challenging but often more cost-effective than new construction."
abc,10:49,"There are claims that retrofitting can cut commute times by nearly 20% in dense areas."
abc,10:50,"That figure is optimistic but shows potential—local trials are needed for validation."
abc,10:51,"I’ve also seen arguments that technology investments can become obsolete quickly."
abc,10:52,"Technology does evolve rapidly; flexibility and regular upgrades are necessary."
abc,10:53,"A modular approach to technology investments can mitigate the risk of obsolescence."
abc,10:54,"Some suggest public-private partnerships to share the burden of constant upgrades."
abc,10:55,"Shared risk can be beneficial if both public interest and profit motives align."
abc,10:56,"I worry about proposals that overpromise without clear implementation plans."
abc,10:57,"Realistic planning and clear accountability are essential for any proposal."
abc,10:58,"Transparency in budgeting and timelines builds public trust in these initiatives."
abc,10:59,"Trust is crucial—disinformation can quickly erode confidence in new systems."
abc,11:00,"Ensuring clear, factual communication about each project phase can counter disinformation."
abc,11:01,"Some critics claim that even with clear communication, the public will always be skeptical."
abc,11:02,"Skepticism is healthy, but it should be based on evidence rather than unfounded rumors."
abc,11:03,"I propose regular public updates that detail progress and challenges openly."
abc,11:04,"Regular updates have worked well in other cities to maintain momentum and trust."
abc,11:05,"There’s debate over whether too much transparency might expose vulnerabilities."
abc,11:06,"Balanced transparency is key—enough to build trust without compromising security."
abc,11:07,"Some disinformation falsely states that transparency leads to corporate espionage."
abc,11:08,"That claim is unfounded; proper protocols can protect sensitive data while being open."
abc,11:09,"I wonder if live traffic dashboards could both inform the public and deter disinformation."
abc,11:10,"Live dashboards provide real-time insights and can help debunk false claims quickly."
abc,11:11,"However, setting up and maintaining such dashboards requires a reliable data infrastructure."
abc,11:12,"A dedicated team for data management is critical for the success of live dashboards."
abc,11:13,"I’ve seen proposals that suggest automating as much as possible to reduce human error."
abc,11:14,"Automation can help, but oversight is still necessary to catch anomalies and errors."
abc,11:15,"Some claim that fully automated systems are inherently unbiased, which is not always true."
abc,11:16,"Even automated systems can reflect biases if the underlying data is flawed."
abc,11:17,"It might be best to combine automated data collection with expert human analysis."
abc,11:18,"A hybrid system that leverages both technology and human expertise can be most effective."
abc,11:19,"I’ve noticed that some proposals ignore the human element entirely in favor of tech solutions."
abc,11:20,"Ignoring human factors can lead to solutions that look good on paper but fail in practice."
abc,11:21,"A successful strategy should integrate technological innovation with behavioral insights."
abc,11:22,"I’m in favor of pilot projects that test both technological and social interventions."
abc,11:23,"Pilot projects can highlight unforeseen challenges and allow for iterative improvements."
abc,11:24,"Some disinformation claims that pilot projects are a waste of time and resources."
abc,11:25,"On the contrary, pilots are essential for understanding local needs before scaling up."
abc,11:26,"I wonder if we could simulate traffic conditions using virtual models before implementation."
abc,11:27,"Virtual simulations have been used in several cities and show promising predictive accuracy."
abc,11:28,"But simulations are only as good as the data and assumptions they’re based on."
abc,11:29,"Incorporating real-world trial data into simulations can enhance their reliability."
abc,11:30,"Some argue that we’re overcomplicating the issue with too many technological fixes."
abc,11:31,"While complexity is a risk, the multifaceted nature of traffic congestion requires layered solutions."
abc,11:32,"I’ve seen overly simplistic proposals fail because they don’t address all underlying causes."
abc,11:33,"A comprehensive strategy needs to include infrastructure, policy, and technology components."
abc,11:34,"I worry that political gridlock might prevent the adoption of any coherent plan."
abc,11:35,"Political will is indeed a major factor; building consensus is as important as the technical solution."
abc,11:36,"Engaging stakeholders early can help mitigate political obstacles later on."
abc,11:37,"Some suggest that independent commissions can help depoliticize traffic management decisions."
abc,11:38,"Independent commissions can lend credibility if their findings are trusted by the public."
abc,11:39,"I’ve seen disinformation implying that commissions are just puppets for special interests."
abc,11:40,"That’s a dangerous oversimplification; proper oversight and transparency can ensure independence."
abc,11:41,"Maybe we should include periodic audits of any implemented system to maintain accountability."
abc,11:42,"Audits provide a mechanism for continuous improvement and help restore public trust."
abc,11:43,"I’m all for audits, as long as their findings lead to actionable improvements."
abc,11:44,"Some proposals include financial incentives for improvements revealed during audits."
abc,11:45,"Incentives can work, but they must be designed carefully to avoid perverse outcomes."
abc,11:46,"I once heard that offering bonuses to traffic managers led to skewed priorities."
abc,11:47,"That may be true if incentives are not aligned with long-term public interest."
abc,11:48,"Ultimately, our goal should be a sustainable and equitable traffic management system."
abc,11:49,"A sustainable system is one that evolves with technology while prioritizing community needs."
abc,11:50,"I worry about proposals that are too technology-centric without human oversight."
abc,11:51,"Balancing tech and human input is critical; neither should overshadow the other."
abc,11:52,"I suggest a roadmap that phases in technology gradually with ongoing public feedback."
abc,11:53,"A phased roadmap allows us to adapt based on early lessons and evolving conditions."
abc,11:54,"Some disinformation claims that any roadmap is just a delay tactic by bureaucrats."
abc,11:55,"Delays are frustrating, but a well-planned roadmap can prevent costly mistakes later."
abc,11:56,"I’m convinced that collaboration between engineers, policymakers, and citizens is key."
abc,11:57,"Collaboration ensures that solutions are practical, acceptable, and effective."
abc,11:58,"Let’s commit to transparency, data, and innovation as we tackle urban congestion."
abc,11:59,"Final thought: while no plan is perfect, striving for improvement is essential."
abc,12:00,"I appreciate all the ideas shared today—even the controversial ones spur necessary debate."
abc,12:01,"Some dissenting voices are crucial; they force us to question assumptions and refine strategies."
abc,12:02,"I worry, though, that disinformation might derail our consensus if we’re not vigilant."
abc,12:03,"Vigilance and clear communication can help counter the spread of false information."
abc,12:04,"Overall, our discussion shows that traffic congestion is a complex problem needing multi-pronged solutions."
abc,12:05,"I propose we compile all these ideas and draft a preliminary plan for further study."
abc,12:06,"A preliminary plan would be a great starting point for deeper analysis and pilot testing."
abc,12:07,"Let's keep this dialogue open and continue to refine our approach as more data comes in."
abc,12:08,"I’m optimistic that with continuous feedback, we can develop an effective strategy."
abc,12:09,"While challenges remain, this conversation has been an important step forward."
abc,12:10,"Our next step should be a community survey to gauge public opinion on these proposals."
abc,12:11,"Community surveys help ensure that our plans reflect real-world needs and concerns."
abc,12:12,"Some critics argue that surveys are biased, but well-designed ones can yield valuable insights."
abc,12:13,"The key is to design the survey carefully to avoid leading questions."
abc,12:14,"In addition to surveys, focus groups can provide deeper qualitative insights."
abc,12:15,"Focus groups offer detailed feedback, though their representativeness can sometimes be questioned."
abc,12:16,"Both surveys and focus groups are useful if their findings are triangulated with hard data."
abc,12:17,"I’m aware of disinformation that exaggerates the benefits of one approach over others."
abc,12:18,"It’s important to evaluate all data objectively, regardless of popular narratives."
abc,12:19,"Some proposals have been dismissed too quickly due to hype rather than evidence."
abc,12:20,"Balanced consideration of all proposals is necessary to avoid throwing out potential solutions."
abc,12:21,"I recommend forming a task force that includes independent experts to analyze these ideas."
abc,12:22,"An independent task force can help filter out disinformation and focus on proven methods."
abc,12:23,"We must be cautious of overly optimistic claims that ignore long-term sustainability."
abc,12:24,"Long-term sustainability should be our guiding principle when evaluating proposals."
abc,12:25,"I believe that integrating real-time monitoring systems will be crucial as we move forward."
abc,12:26,"Real-time monitoring provides the data needed for adaptive, responsive traffic management."
abc,12:27,"Some detractors claim that such systems are too intrusive, but privacy safeguards can be implemented."
abc,12:28,"With proper data anonymization, real-time monitoring need not compromise individual privacy."
abc,12:29,"I’m excited about the potential of emerging technologies to revolutionize urban mobility."
abc,12:30,"Emerging technologies offer many possibilities, but we must remain grounded in proven principles."
abc,12:31,"Ultimately, our strategy must balance innovation with practicality and fairness."
abc,12:32,"Let’s continue refining our ideas and aim for a pilot program within the next year."
abc,12:33,"A pilot program will allow us to test theories in real-world conditions before scaling up."
abc,12:34,"Some disinformation claims that pilots are just stalling tactics, but they are essential for learning."
abc,12:35,"Data gathered from pilots can inform more effective policies and adjustments."
abc,12:36,"I’m convinced that by working together, we can overcome even the toughest congestion challenges."
abc,12:37,"Our collaborative effort is the first step toward a more efficient and livable city."
abc,12:38,"While disagreements remain, healthy debate is part of arriving at the best solution."
abc,12:39,"I look forward to further discussions and the eventual implementation of a comprehensive plan."
abc,12:40,"Thank you everyone for your contributions—each idea, even controversial ones, adds value."
abc,12:41,"This conversation is just the beginning; our real work starts with concrete action plans."
abc,12:42,"I propose we schedule a follow-up meeting to prioritize the most viable solutions."
abc,12:43,"Follow-up meetings ensure that initial enthusiasm translates into actionable steps."
abc,12:44,"Despite some conflicting views, there’s a clear consensus on the need for change."
abc,12:45,"Change will be incremental, but every improvement brings us closer to our goal."
abc,12:46,"I remain hopeful that with the right mix of technology and policy, we can reduce congestion."
abc,12:47,"While some remain skeptical, I believe that persistent effort will yield results."
abc,12:48,"Let’s commit to an open, data-driven process and avoid letting disinformation sway us."
abc,12:49,"Accurate data and transparent processes are our best tools against false narratives."
abc,12:50,"In summary, our discussion has highlighted both the challenges and potential solutions."
abc,12:51,"Moving forward, let’s ensure that every proposal is critically evaluated with robust metrics."
abc,12:52,"I encourage everyone to review the latest research and share any new findings."
abc,12:53,"Staying informed is key to adapting our strategies to real-world conditions."
abc,12:54,"Even if opinions differ, a shared commitment to improvement unites us."
abc,12:55,"Let’s maintain this momentum and turn our collective insights into effective action."
abc,12:56,"Our goal is a traffic system that serves all citizens fairly and efficiently."
abc,12:57,"I’m optimistic that our integrated approach can set a new standard for urban mobility."
abc,12:58,"Though challenges remain, our dialogue has paved the way for meaningful progress."
abc,12:59,"Thank you for the lively debate—let’s keep this conversation going as we plan ahead."
abc,13:00,"I look forward to our next session where we review pilot project results and adjust accordingly."
abc,13:01,"Every step, even small ones, is progress toward a more sustainable urban future."
abc,13:02,"I trust that by combining technology with community insight, we can make a real difference."
abc,13:03,"Our discussion today has been invaluable in shaping our vision for better traffic management."
abc,13:04,"Let’s continue to share ideas openly, challenge assumptions, and refine our plans."
abc,13:05,"I remain committed to pursuing a strategy that balances innovation with proven methods."
abc,13:06,"As we wrap up, I encourage everyone to think about actionable next steps for our pilot program."
abc,13:07,"Your ideas and critiques are essential for building a robust and realistic plan."
abc,13:08,"Let’s compile all suggestions and form working groups to tackle each aspect of the plan."
abc,13:09,"Working groups can focus on transit, technology, policy, and community engagement separately."
abc,13:10,"Interdisciplinary collaboration is the key to addressing such a multifaceted issue."
abc,13:11,"I’m confident that by pooling our expertise, we can design a truly effective solution."
abc,13:12,"The road ahead may be challenging, but our collective resolve is stronger."
abc,13:13,"Let’s not allow disinformation or fear to hinder our progress—fact-based discussion is our guide."
abc,13:14,"Every challenge presents an opportunity to innovate and improve our urban environment."
abc,13:15,"I appreciate the diversity of thought in this conversation—it makes our plan more resilient."
abc,13:16,"Skepticism is natural, but let’s channel it into constructive criticism and research."
abc,13:17,"I propose we set up a shared online platform for ongoing idea exchange and updates."
abc,13:18,"A digital platform can facilitate continuous dialogue and rapid dissemination of new data."
abc,13:19,"Ensuring accessibility and transparency on such a platform is vital for public trust."
abc,13:20,"As we conclude, I remain hopeful that our combined efforts will lead to real change."
