abc,08:00,"I think we should implement smart traffic lights to optimize flow."
abc,08:02,"Smart traffic lights sound promising, but how do we fund the tech upgrades?"
abc,08:05,"We could use congestion pricing; it's been proven to reduce rush hour traffic in many cities."
abc,08:07,"Congestion pricing? That just makes it unfair for low-income commuters."
abc,08:10,"What about improving public transport? Investing in metro lines could alleviate traffic."
abc,08:12,"Some studies suggest that expanding roads actually increases traffic, known as induced demand."
abc,08:15,"I've read that electric buses are a sustainable alternative to metro expansions."
abc,08:18,"Electric buses? Actually, I've seen reports that they have high maintenance costs and limited range."
abc,08:20,"One idea is to create dedicated bike lanes to reduce car usage, especially for short trips."
abc,08:22,"I disagree; not everyone can bike to work, and weather conditions in our city are unpredictable."
abc,08:25,"What about ride-sharing incentives? That could decrease the number of cars on the road."
abc,08:28,"There's evidence ride-sharing can sometimes increase total vehicle miles traveled due to deadheading."
abc,08:30,"I've heard that autonomous vehicles might reduce congestion by optimizing traffic patterns."
abc,08:32,"Autonomous vehicles are still experimental and might create new safety issues."
abc,08:35,"Actually, I read somewhere that 5G networks could help coordinate autonomous fleets, but that's not proven yet."
abc,08:38,"I've also seen a rumor that building more flyovers is the ultimate solution, though it's clearly outdated."
abc,08:40,"Some claim that simply banning private cars in city centers is effective, but that seems too extreme."
abc,08:42,"A mix of approaches might work best; no single solution is perfect."
abc,08:45,"I once heard a theory that traffic is actually beneficial for economic growth, which seems counterintuitive."
abc,08:48,"Let's focus on data-driven solutions instead of random disinformation. We need a robust plan."
